Date,RegionID,RegionName,RegionType,StateName,MonthlyTotalCases,MonthlyTotalDeaths,MonthlyAvgCases,MonthlyAvgDeaths
2020-01-31,4,Arizona,State,AZ,6,0,1.0,0.0
2020-01-31,6,California,State,CA,14,0,2.0,0.0
2020-01-31,17,Illinois,State,IL,10,0,1.25,0.0
2020-01-31,53,Washington,State,WA,11,0,1.0,0.0
2020-02-29,4,Arizona,State,AZ,29,0,1.0,0.0
2020-02-29,6,California,State,CA,285,0,9.827586206896552,0.0
2020-02-29,17,Illinois,State,IL,59,0,2.0344827586206895,0.0
2020-02-29,25,Massachusetts,State,MA,29,0,1.0,0.0
2020-02-29,31,Nebraska,State,NE,151,0,11.615384615384615,0.0
2020-02-29,41,Oregon,State,OR,2,0,1.0,0.0
2020-02-29,48,Texas,State,TX,91,0,5.055555555555555,0.0
2020-02-29,49,Utah,State,UT,5,0,1.0,0.0
2020-02-29,53,Washington,State,WA,60,1,2.0689655172413794,0.034482758620689655
2020-02-29,55,Wisconsin,State,WI,25,0,1.0,0.0
2020-03-31,2,Alaska,State,AK,851,8,42.55,0.4
2020-03-31,1,Alabama,State,AL,6129,42,322.57894736842104,2.210526315789474
2020-03-31,5,Arkansas,State,AR,3965,36,188.8095238095238,1.7142857142857142
2020-03-31,4,Arizona,State,AZ,6830,118,220.32258064516128,3.806451612903226
2020-03-31,6,California,State,CA,55406,1113,1787.2903225806451,35.903225806451616
2020-03-31,8,Colorado,State,CO,18603,344,689.0,12.74074074074074
2020-03-31,9,Connecticut,State,CT,14606,283,608.5833333333334,11.791666666666666
2020-03-31,11,District of Columbia,State,DC,2923,41,116.92,1.64
2020-03-31,10,Delaware,State,DE,1887,31,89.85714285714286,1.4761904761904763
2020-03-31,12,Florida,State,FL,35597,489,1148.2903225806451,15.774193548387096
2020-03-31,13,Georgia,State,GA,22119,699,737.3,23.3
2020-03-31,15,Hawaii,State,HI,1474,1,56.69230769230769,0.038461538461538464
2020-03-31,19,Iowa,State,IA,2794,26,116.41666666666667,1.0833333333333333
2020-03-31,16,Idaho,State,ID,2359,34,124.15789473684211,1.7894736842105263
2020-03-31,17,Illinois,State,IL,33167,450,1069.9032258064517,14.516129032258064
2020-03-31,18,Indiana,State,IN,10152,313,390.46153846153845,12.038461538461538
2020-03-31,20,Kansas,State,KS,2408,60,96.32,2.4
2020-03-31,21,Kentucky,State,KY,3398,84,130.69230769230768,3.230769230769231
2020-03-31,22,Louisiana,State,LA,28913,1137,1257.0869565217392,49.43478260869565
2020-03-31,25,Massachusetts,State,MA,34418,340,1110.258064516129,10.96774193548387
2020-03-31,24,Maryland,State,MD,8831,84,327.0740740740741,3.111111111111111
2020-03-31,23,Maine,State,ME,2110,13,105.5,0.65
2020-03-31,26,Michigan,State,MI,39225,967,1782.9545454545455,43.95454545454545
2020-03-31,27,Minnesota,State,MN,4480,47,172.30769230769232,1.8076923076923077
2020-03-31,29,Missouri,State,MO,6536,96,261.44,3.84
2020-03-31,28,Mississippi,State,MS,5791,88,275.76190476190476,4.190476190476191
2020-03-31,30,Montana,State,MT,1200,12,63.1578947368421,0.631578947368421
2020-03-31,37,North Carolina,State,NC,8617,32,297.13793103448273,1.103448275862069
2020-03-31,38,North Dakota,State,ND,787,9,37.476190476190474,0.42857142857142855
2020-03-31,31,Nebraska,State,NE,1682,13,54.25806451612903,0.41935483870967744
2020-03-31,33,New Hampshire,State,NH,2232,17,74.4,0.5666666666666667
2020-03-31,34,New Jersey,State,NJ,92534,1165,3304.785714285714,41.607142857142854
2020-03-31,35,New Mexico,State,NM,1989,16,94.71428571428571,0.7619047619047619
2020-03-31,32,Nevada,State,NV,6859,123,254.03703703703704,4.555555555555555
2020-03-31,36,New York,State,NY,464981,7943,14999.387096774193,256.2258064516129
2020-03-31,39,Ohio,State,OH,12114,219,526.695652173913,9.521739130434783
2020-03-31,40,Oklahoma,State,OK,3069,101,118.03846153846153,3.8846153846153846
2020-03-31,41,Oregon,State,OR,4621,129,149.06451612903226,4.161290322580645
2020-03-31,42,Pennsylvania,State,PA,23859,268,917.6538461538462,10.307692307692308
2020-03-31,44,Rhode Island,State,RI,2570,17,82.90322580645162,0.5483870967741935
2020-03-31,45,South Carolina,State,SC,6329,127,243.42307692307693,4.884615384615385
2020-03-31,46,South Dakota,State,SD,711,22,32.31818181818182,1.0
2020-03-31,47,Tennessee,State,TN,12360,59,457.77777777777777,2.185185185185185
2020-03-31,48,Texas,State,TX,20623,270,665.258064516129,8.709677419354838
2020-03-31,49,Utah,State,UT,5562,20,179.41935483870967,0.6451612903225806
2020-03-31,51,Virginia,State,VA,6976,162,279.04,6.48
2020-03-31,50,Vermont,State,VT,1850,93,74.0,3.72
2020-03-31,53,Washington,State,WA,46214,2377,1490.774193548387,76.6774193548387
2020-03-31,55,Wisconsin,State,WI,9353,135,301.7096774193548,4.354838709677419
2020-03-31,54,West Virginia,State,WV,866,3,57.733333333333334,0.2
2020-03-31,56,Wyoming,State,WY,776,0,36.95238095238095,0.0
2020-04-30,2,Alaska,State,AK,8231,173,274.3666666666667,5.766666666666667
2020-04-30,1,Alabama,State,AL,125166,4044,4172.2,134.8
2020-04-30,5,Arkansas,State,AR,53571,1007,1785.7,33.56666666666667
2020-04-30,4,Arizona,State,AZ,128668,4870,4288.933333333333,162.33333333333334
2020-04-30,6,California,State,CA,865585,30176,28852.833333333332,1005.8666666666667
2020-04-30,8,Colorado,State,CO,264026,11715,8800.866666666667,390.5
2020-04-30,9,Connecticut,State,CT,467204,29752,15573.466666666667,991.7333333333333
2020-04-30,11,District of Columbia,State,DC,70950,2651,2365.0,88.36666666666666
2020-04-30,10,Delaware,State,DE,67480,1840,2249.3333333333335,61.333333333333336
2020-04-30,12,Florida,State,FL,671158,19495,22371.933333333334,649.8333333333334
2020-04-30,13,Georgia,State,GA,453331,18051,15111.033333333333,601.7
2020-04-30,15,Hawaii,State,HI,14988,274,499.6,9.133333333333333
2020-04-30,19,Iowa,State,IA,83724,1947,2790.8,64.9
2020-04-30,16,Idaho,State,ID,45937,1098,1531.2333333333333,36.6
2020-04-30,17,Illinois,State,IL,802337,32642,26744.566666666666,1088.0666666666666
2020-04-30,18,Indiana,State,IN,292473,16218,9749.1,540.6
2020-04-30,20,Kansas,State,KS,55555,2241,1851.8333333333333,74.7
2020-04-30,21,Kentucky,State,KY,74780,3889,2492.6666666666665,129.63333333333333
2020-04-30,22,Louisiana,State,LA,625639,32872,20854.633333333335,1095.7333333333333
2020-04-30,25,Massachusetts,State,MA,977699,42952,32589.966666666667,1431.7333333333333
2020-04-30,24,Maryland,State,MD,327492,13760,10916.4,458.6666666666667
2020-04-30,23,Maine,State,ME,22358,843,745.2666666666667,28.1
2020-04-30,26,Michigan,State,MI,818293,59519,27276.433333333334,1983.9666666666667
2020-04-30,27,Minnesota,State,MN,65270,3818,2175.6666666666665,127.26666666666667
2020-04-30,29,Missouri,State,MO,144460,5056,4815.333333333333,168.53333333333333
2020-04-30,28,Mississippi,State,MS,109721,3972,3657.366666666667,132.4
2020-04-30,30,Montana,State,MT,11538,280,384.6,9.333333333333334
2020-04-30,37,North Carolina,State,NC,168317,4804,5610.566666666667,160.13333333333333
2020-04-30,38,North Dakota,State,ND,14825,296,494.1666666666667,9.866666666666667
2020-04-30,31,Nebraska,State,NE,44916,866,1497.2,28.866666666666667
2020-04-30,33,New Hampshire,State,NH,36795,1009,1226.5,33.63333333333333
2020-04-30,34,New Jersey,State,NJ,2186635,102708,72887.83333333333,3423.6
2020-04-30,35,New Mexico,State,NM,49429,1472,1647.6333333333334,49.06666666666667
2020-04-30,32,Nevada,State,NV,97660,4029,3255.3333333333335,134.3
2020-04-30,36,New York,State,NY,6328973,425198,210965.76666666666,14173.266666666666
2020-04-30,39,Ohio,State,OH,287164,12517,9572.133333333333,417.23333333333335
2020-04-30,40,Oklahoma,State,OK,67883,3692,2262.766666666667,123.06666666666666
2020-04-30,41,Oregon,State,OR,50484,1829,1682.8,60.96666666666667
2020-04-30,42,Pennsylvania,State,PA,822697,30595,27423.233333333334,1019.8333333333334
2020-04-30,44,Rhode Island,State,RI,119603,3459,3986.766666666667,115.3
2020-04-30,45,South Carolina,State,SC,113247,3284,3774.9,109.46666666666667
2020-04-30,46,South Dakota,State,SD,36231,211,1207.7,7.033333333333333
2020-04-30,47,Tennessee,State,TN,187332,3741,6244.4,124.7
2020-04-30,48,Texas,State,TX,494349,12274,16478.3,409.1333333333333
2020-04-30,49,Utah,State,UT,82277,722,2742.5666666666666,24.066666666666666
2020-04-30,51,Virginia,State,VA,223907,7019,7463.566666666667,233.96666666666667
2020-04-30,50,Vermont,State,VT,21158,958,705.2666666666667,31.933333333333334
2020-04-30,53,Washington,State,WA,327552,16938,10918.4,564.6
2020-04-30,55,Wisconsin,State,WI,119648,5402,3988.266666666667,180.06666666666666
2020-04-30,54,West Virginia,State,WV,21315,515,710.5,17.166666666666668
2020-04-30,56,Wyoming,State,WY,10987,82,366.23333333333335,2.7333333333333334
2020-05-31,2,Alaska,State,AK,12256,243,395.35483870967744,7.838709677419355
2020-05-31,1,Alabama,State,AL,372033,14438,12001.064516129032,465.741935483871
2020-05-31,5,Arkansas,State,AR,150100,3137,4841.935483870968,101.19354838709677
2020-05-31,4,Arizona,State,AZ,417110,19864,13455.161290322581,640.7741935483871
2020-05-31,6,California,State,CA,2476264,99379,79879.48387096774,3205.7741935483873
2020-05-31,8,Colorado,State,CO,660633,35594,21310.74193548387,1148.1935483870968
2020-05-31,9,Connecticut,State,CT,1124193,101014,36264.290322580644,3258.516129032258
2020-05-31,11,District of Columbia,State,DC,215106,11296,6938.903225806452,364.38709677419354
2020-05-31,10,Delaware,State,DE,229386,8381,7399.548387096775,270.35483870967744
2020-05-31,12,Florida,State,FL,1396018,59664,45032.83870967742,1924.6451612903227
2020-05-31,13,Georgia,State,GA,1109472,48939,35789.41935483871,1578.6774193548388
2020-05-31,15,Hawaii,State,HI,19430,525,626.7741935483871,16.93548387096774
2020-05-31,19,Iowa,State,IA,441186,10769,14231.806451612903,347.38709677419354
2020-05-31,16,Idaho,State,ID,75057,2266,2421.1935483870966,73.09677419354838
2020-05-31,17,Illinois,State,IL,2822196,125228,91038.58064516129,4039.6129032258063
2020-05-31,18,Indiana,State,IN,857247,52744,27653.129032258064,1701.4193548387098
2020-05-31,20,Kansas,State,KS,241100,5676,7777.419354838709,183.09677419354838
2020-05-31,21,Kentucky,State,KY,234711,10848,7571.322580645161,349.93548387096774
2020-05-31,22,Louisiana,State,LA,1061231,75798,34233.25806451613,2445.0967741935483
2020-05-31,25,Massachusetts,State,MA,2582585,170827,83309.19354838709,5510.548387096775
2020-05-31,24,Maryland,State,MD,1190664,59244,38408.51612903226,1911.0967741935483
2020-05-31,23,Maine,State,ME,52158,2180,1682.516129032258,70.3225806451613
2020-05-31,26,Michigan,State,MI,1558908,148969,50287.354838709674,4805.451612903225
2020-05-31,27,Minnesota,State,MN,469404,21878,15142.064516129032,705.741935483871
2020-05-31,29,Missouri,State,MO,334500,17904,10790.322580645161,577.5483870967741
2020-05-31,28,Mississippi,State,MS,344072,15804,11099.09677419355,509.80645161290323
2020-05-31,30,Montana,State,MT,14576,502,470.19354838709677,16.193548387096776
2020-05-31,37,North Carolina,State,NC,573602,20390,18503.290322580644,657.741935483871
2020-05-31,38,North Dakota,State,ND,57787,1330,1864.0967741935483,42.903225806451616
2020-05-31,31,Nebraska,State,NE,305559,3841,9856.741935483871,123.90322580645162
2020-05-31,33,New Hampshire,State,NH,109009,5085,3516.4193548387098,164.03225806451613
2020-05-31,34,New Jersey,State,NJ,4470485,308935,144209.1935483871,9965.645161290322
2020-05-31,35,New Mexico,State,NM,177992,7739,5741.677419354839,249.6451612903226
2020-05-31,32,Nevada,State,NV,213197,10678,6877.322580645161,344.4516129032258
2020-05-31,36,New York,State,NY,10850463,854088,350014.93548387097,27551.225806451614
2020-05-31,39,Ohio,State,OH,847509,49709,27339.0,1603.516129032258
2020-05-31,40,Oklahoma,State,OK,160500,8877,5177.419354838709,286.35483870967744
2020-05-31,41,Oregon,State,OR,108485,4161,3499.516129032258,134.2258064516129
2020-05-31,42,Pennsylvania,State,PA,1994490,134081,64338.3870967742,4325.193548387097
2020-05-31,44,Rhode Island,State,RI,381262,15471,12298.774193548386,499.06451612903226
2020-05-31,45,South Carolina,State,SC,269994,11736,8709.483870967742,378.5806451612903
2020-05-31,46,South Dakota,State,SD,118915,1278,3835.967741935484,41.225806451612904
2020-05-31,47,Tennessee,State,TN,536423,8850,17303.967741935485,285.48387096774195
2020-05-31,48,Texas,State,TX,1463433,40047,47207.51612903226,1291.8387096774193
2020-05-31,49,Utah,State,UT,221484,2472,7144.645161290323,79.74193548387096
2020-05-31,51,Virginia,State,VA,925411,30685,29851.967741935485,989.8387096774194
2020-05-31,50,Vermont,State,VT,29029,1651,936.4193548387096,53.25806451612903
2020-05-31,53,Washington,State,WA,594493,30824,19177.1935483871,994.3225806451613
2020-05-31,55,Wisconsin,State,WI,391353,13922,12624.290322580646,449.0967741935484
2020-05-31,54,West Virginia,State,WV,47442,1951,1530.3870967741937,62.935483870967744
2020-05-31,56,Wyoming,State,WY,22780,300,734.8387096774194,9.67741935483871
2020-06-30,2,Alaska,State,AK,23003,291,766.7666666666667,9.7
2020-06-30,1,Alabama,State,AL,800287,23697,26676.233333333334,789.9
2020-06-30,5,Arkansas,State,AR,402154,5895,13405.133333333333,196.5
2020-06-30,4,Arizona,State,AZ,1297231,37510,43241.03333333333,1250.3333333333333
2020-06-30,6,California,State,CA,4905111,155690,163503.7,5189.666666666667
2020-06-30,8,Colorado,State,CO,886415,48035,29547.166666666668,1601.1666666666667
2020-06-30,9,Connecticut,State,CT,1348657,125398,44955.23333333333,4179.933333333333
2020-06-30,11,District of Columbia,State,DC,291828,15437,9727.6,514.5666666666667
2020-06-30,10,Delaware,State,DE,312601,13062,10420.033333333333,435.4
2020-06-30,12,Florida,State,FL,2637626,89605,87920.86666666667,2986.8333333333335
2020-06-30,13,Georgia,State,GA,1734682,73197,57822.73333333333,2439.9
2020-06-30,15,Hawaii,State,HI,22303,514,743.4333333333333,17.133333333333333
2020-06-30,19,Iowa,State,IA,731691,19631,24389.7,654.3666666666667
2020-06-30,16,Idaho,State,ID,116842,2628,3894.733333333333,87.6
2020-06-30,17,Illinois,State,IL,4025869,195076,134195.63333333333,6502.533333333334
2020-06-30,18,Indiana,State,IN,1241303,73069,41376.76666666667,2435.633333333333
2020-06-30,20,Kansas,State,KS,355114,7457,11837.133333333333,248.56666666666666
2020-06-30,21,Kentucky,State,KY,389689,15726,12989.633333333333,524.2
2020-06-30,22,Louisiana,State,LA,1436753,91082,47891.76666666667,3036.0666666666666
2020-06-30,25,Massachusetts,State,MA,3164865,228975,105495.5,7632.5
2020-06-30,24,Maryland,State,MD,1867000,88044,62233.333333333336,2934.8
2020-06-30,23,Maine,State,ME,84057,3010,2801.9,100.33333333333333
2020-06-30,26,Michigan,State,MI,1981377,179464,66045.9,5982.133333333333
2020-06-30,27,Minnesota,State,MN,925287,39472,30842.9,1315.7333333333333
2020-06-30,29,Missouri,State,MO,517729,27450,17257.633333333335,915.0
2020-06-30,28,Mississippi,State,MS,614642,27336,20488.066666666666,911.2
2020-06-30,30,Montana,State,MT,19781,581,659.3666666666667,19.366666666666667
2020-06-30,37,North Carolina,State,NC,1381996,34879,46066.53333333333,1162.6333333333334
2020-06-30,38,North Dakota,State,ND,93310,2366,3110.3333333333335,78.86666666666666
2020-06-30,31,Nebraska,State,NE,508068,6926,16935.6,230.86666666666667
2020-06-30,33,New Hampshire,State,NH,159771,9573,5325.7,319.1
2020-06-30,34,New Jersey,State,NJ,5021309,388821,167376.96666666667,12960.7
2020-06-30,35,New Mexico,State,NM,298314,13155,9943.8,438.5
2020-06-30,32,Nevada,State,NV,365782,14008,12192.733333333334,466.93333333333334
2020-06-30,36,New York,State,NY,11656829,918476,388560.9666666667,30615.866666666665
2020-06-30,39,Ohio,State,OH,1279993,77119,42666.433333333334,2570.633333333333
2020-06-30,40,Oklahoma,State,OK,277672,10849,9255.733333333334,361.6333333333333
2020-06-30,41,Oregon,State,OR,184416,5420,6147.2,180.66666666666666
2020-06-30,42,Pennsylvania,State,PA,2516170,188226,83872.33333333333,6274.2
2020-06-30,44,Rhode Island,State,RI,481310,25484,16043.666666666666,849.4666666666667
2020-06-30,45,South Carolina,State,SC,636483,18424,21216.1,614.1333333333333
2020-06-30,46,South Dakota,State,SD,177958,2282,5931.933333333333,76.06666666666666
2020-06-30,47,Tennessee,State,TN,956724,14450,31890.8,481.6666666666667
2020-06-30,48,Texas,State,TX,3090759,62054,103025.3,2068.4666666666667
2020-06-30,49,Utah,State,UT,464269,4294,15475.633333333333,143.13333333333333
2020-06-30,51,Virginia,State,VA,1644315,47056,54810.5,1568.5333333333333
2020-06-30,50,Vermont,State,VT,33551,1663,1118.3666666666666,55.43333333333333
2020-06-30,53,Washington,State,WA,845988,36893,28199.6,1229.7666666666667
2020-06-30,55,Wisconsin,State,WI,761387,21236,25379.566666666666,707.8666666666667
2020-06-30,54,West Virginia,State,WV,71793,2613,2393.1,87.1
2020-06-30,56,Wyoming,State,WY,33714,555,1123.8,18.5
2020-07-31,2,Alaska,State,AK,67633,496,2181.7096774193546,16.0
2020-07-31,1,Alabama,State,AL,1918336,38436,61881.8064516129,1239.8709677419354
2020-07-31,5,Arkansas,State,AR,972426,10829,31368.58064516129,349.3225806451613
2020-07-31,4,Arizona,State,AZ,4105142,79906,132423.93548387097,2577.6129032258063
2020-07-31,6,California,State,CA,11404982,232621,367902.6451612903,7503.903225806452
2020-07-31,8,Colorado,State,CO,1215655,54290,39214.67741935484,1751.2903225806451
2020-07-31,9,Connecticut,State,CT,1483675,135762,47860.48387096774,4379.419354838709
2020-07-31,11,District of Columbia,State,DC,345436,17731,11143.09677419355,571.9677419354839
2020-07-31,10,Delaware,State,DE,410198,16554,13232.193548387097,534.0
2020-07-31,12,Florida,State,FL,9746638,149112,314407.67741935485,4810.064516129032
2020-07-31,13,Georgia,State,GA,3794129,96401,122391.25806451614,3109.7096774193546
2020-07-31,15,Hawaii,State,HI,41333,673,1333.3225806451612,21.70967741935484
2020-07-31,19,Iowa,State,IA,1152156,24212,37166.32258064516,781.0322580645161
2020-07-31,16,Idaho,State,ID,412314,3800,13300.451612903225,122.58064516129032
2020-07-31,17,Illinois,State,IL,4987937,230706,160901.1935483871,7442.129032258064
2020-07-31,18,Indiana,State,IN,1745006,86855,56290.51612903226,2801.7741935483873
2020-07-31,20,Kansas,State,KS,663964,9654,21418.1935483871,311.4193548387097
2020-07-31,21,Kentucky,State,KY,694134,20877,22391.41935483871,673.4516129032259
2020-07-31,22,Louisiana,State,LA,2696554,109304,86985.6129032258,3525.935483870968
2020-07-31,25,Massachusetts,State,MA,3498717,259483,112861.83870967742,8370.41935483871
2020-07-31,24,Maryland,State,MD,2391813,103834,77155.25806451614,3349.483870967742
2020-07-31,23,Maine,State,ME,112034,3546,3614.0,114.38709677419355
2020-07-31,26,Michigan,State,MI,2483179,196370,80102.54838709677,6334.5161290322585
2020-07-31,27,Minnesota,State,MN,1388670,48459,44795.8064516129,1563.1935483870968
2020-07-31,29,Missouri,State,MO,1053767,35764,33992.48387096774,1153.6774193548388
2020-07-31,28,Mississippi,State,MS,1279092,40931,41261.032258064515,1320.3548387096773
2020-07-31,30,Montana,State,MT,71052,1109,2292.0,35.774193548387096
2020-07-31,37,North Carolina,State,NC,2908111,50375,93810.03225806452,1625.0
2020-07-31,38,North Dakota,State,ND,149692,2956,4828.774193548387,95.35483870967742
2020-07-31,31,Nebraska,State,NE,691529,9469,22307.387096774193,305.4516129032258
2020-07-31,33,New Hampshire,State,NH,190987,12246,6160.870967741936,395.03225806451616
2020-07-31,34,New Jersey,State,NJ,5527664,482461,178311.74193548388,15563.258064516129
2020-07-31,35,New Mexico,State,NM,504146,17513,16262.774193548386,564.9354838709677
2020-07-31,32,Nevada,State,NV,1014765,19854,32734.354838709678,640.4516129032259
2020-07-31,36,New York,State,NY,12690287,995461,409364.0967741936,32111.645161290322
2020-07-31,39,Ohio,State,OH,2204116,97128,71100.51612903226,3133.1612903225805
2020-07-31,40,Oklahoma,State,OK,738132,13870,23810.709677419356,447.4193548387097
2020-07-31,41,Oregon,State,OR,421377,7946,13592.806451612903,256.3225806451613
2020-07-31,42,Pennsylvania,State,PA,3210520,217270,103565.16129032258,7008.709677419355
2020-07-31,44,Rhode Island,State,RI,549884,30536,17738.1935483871,985.0322580645161
2020-07-31,45,South Carolina,State,SC,1978230,35108,63813.87096774193,1132.516129032258
2020-07-31,46,South Dakota,State,SD,240095,3471,7745.0,111.96774193548387
2020-07-31,47,Tennessee,State,TN,2204796,24839,71122.45161290323,801.258064516129
2020-07-31,48,Texas,State,TX,9496585,126673,306341.4516129032,4086.2258064516127
2020-07-31,49,Utah,State,UT,988673,7305,31892.677419354837,235.6451612903226
2020-07-31,51,Virginia,State,VA,2330822,61641,75187.80645161291,1988.4193548387098
2020-07-31,50,Vermont,State,VT,41004,1738,1322.7096774193549,56.064516129032256
2020-07-31,53,Washington,State,WA,1439072,46101,46421.67741935484,1487.1290322580646
2020-07-31,55,Wisconsin,State,WI,1357567,26417,43792.48387096774,852.1612903225806
2020-07-31,54,West Virginia,State,WV,145677,3101,4699.258064516129,100.03225806451613
2020-07-31,56,Wyoming,State,WY,63980,710,2063.8709677419356,22.903225806451612
2020-08-31,2,Alaska,State,AK,154871,843,4995.8387096774195,27.193548387096776
2020-08-31,1,Alabama,State,AL,3355858,58883,108253.48387096774,1899.4516129032259
2020-08-31,5,Arkansas,State,AR,1633930,19077,52707.41935483871,615.3870967741935
2020-08-31,4,Arizona,State,AZ,5951480,138063,191983.2258064516,4453.645161290323
2020-08-31,6,California,State,CA,19168697,349458,618345.0645161291,11272.838709677419
2020-08-31,8,Colorado,State,CO,1642292,58799,52977.16129032258,1896.741935483871
2020-08-31,9,Connecticut,State,CT,1585462,138000,51143.93548387097,4451.612903225807
2020-08-31,11,District of Columbia,State,DC,407849,18495,13156.41935483871,596.6129032258065
2020-08-31,10,Delaware,State,DE,503506,18439,16242.129032258064,594.8064516129032
2020-08-31,12,Florida,State,FL,17469880,287667,563544.5161290322,9279.58064516129
2020-08-31,13,Georgia,State,GA,6755964,142202,217934.32258064515,4587.1612903225805
2020-08-31,15,Hawaii,State,HI,156872,1257,5060.387096774193,40.54838709677419
2020-08-31,19,Iowa,State,IA,1651099,30669,53261.25806451613,989.3225806451613
2020-08-31,16,Idaho,State,ID,848552,8590,27372.645161290322,277.0967741935484
2020-08-31,17,Illinois,State,IL,6477545,247518,208953.06451612903,7984.451612903225
2020-08-31,18,Indiana,State,IN,2546792,97177,82154.58064516129,3134.7419354838707
2020-08-31,20,Kansas,State,KS,1086757,12644,35056.67741935484,407.8709677419355
2020-08-31,21,Kentucky,State,KY,1272814,26308,41058.51612903226,848.6451612903226
2020-08-31,22,Louisiana,State,LA,4228513,139101,136403.64516129033,4487.129032258064
2020-08-31,25,Massachusetts,State,MA,3824563,273880,123373.0,8834.838709677419
2020-08-31,24,Maryland,State,MD,3103859,112721,100124.48387096774,3636.1612903225805
2020-08-31,23,Maine,State,ME,129919,3951,4190.935483870968,127.45161290322581
2020-08-31,26,Michigan,State,MI,3165462,204451,102111.67741935483,6595.193548387097
2020-08-31,27,Minnesota,State,MN,2020252,54441,65169.41935483871,1756.1612903225807
2020-08-31,29,Missouri,State,MO,2121856,45188,68446.96774193548,1457.6774193548388
2020-08-31,28,Mississippi,State,MS,2235453,64526,72111.3870967742,2081.483870967742
2020-08-31,30,Montana,State,MT,177325,2566,5720.1612903225805,82.7741935483871
2020-08-31,37,North Carolina,State,NC,4509937,73585,145481.83870967742,2373.7096774193546
2020-08-31,38,North Dakota,State,ND,273194,3967,8812.709677419354,127.96774193548387
2020-08-31,31,Nebraska,State,NE,939396,11402,30303.09677419355,367.80645161290323
2020-08-31,33,New Hampshire,State,NH,215935,13146,6965.645161290323,424.06451612903226
2020-08-31,34,New Jersey,State,NJ,5859177,492942,189005.70967741936,15901.354838709678
2020-08-31,35,New Mexico,State,NM,721859,22130,23285.774193548386,713.8709677419355
2020-08-31,32,Nevada,State,NV,1877885,33381,60576.93548387097,1076.8064516129032
2020-08-31,36,New York,State,NY,13329072,1005469,429970.06451612903,32434.483870967742
2020-08-31,39,Ohio,State,OH,3343527,118706,107855.70967741935,3829.2258064516127
2020-08-31,40,Oklahoma,State,OK,1492560,20766,48147.096774193546,669.8709677419355
2020-08-31,41,Oregon,State,OR,713551,12219,23017.774193548386,394.16129032258067
2020-08-31,42,Pennsylvania,State,PA,3985340,233003,128559.35483870968,7516.225806451613
2020-08-31,44,Rhode Island,State,RI,635058,31771,20485.74193548387,1024.8709677419354
2020-08-31,45,South Carolina,State,SC,3278566,70086,105760.19354838709,2260.8387096774195
2020-08-31,46,South Dakota,State,SD,326993,4707,10548.161290322581,151.83870967741936
2020-08-31,47,Tennessee,State,TN,4014961,42831,129514.87096774194,1381.6451612903227
2020-08-31,48,Texas,State,TX,17220155,320762,555488.8709677419,10347.161290322581
2020-08-31,49,Utah,State,UT,1445189,11327,46619.0,365.38709677419354
2020-08-31,51,Virginia,State,VA,3291471,74189,106176.48387096774,2393.1935483870966
2020-08-31,50,Vermont,State,VT,46881,1793,1512.2903225806451,57.83870967741935
2020-08-31,53,Washington,State,WA,2150641,57397,69375.51612903226,1851.516129032258
2020-08-31,55,Wisconsin,State,WI,2165905,32504,69867.90322580645,1048.516129032258
2020-08-31,54,West Virginia,State,WV,262522,4966,8468.451612903225,160.19354838709677
2020-08-31,56,Wyoming,State,WY,102356,991,3301.8064516129034,31.967741935483872
2020-09-30,2,Alaska,State,AK,220233,1265,7341.1,42.166666666666664
2020-09-30,1,Alabama,State,AL,4227298,71419,140909.93333333332,2380.633333333333
2020-09-30,5,Arkansas,State,AR,2173272,32549,72442.4,1084.9666666666667
2020-09-30,4,Arizona,State,AZ,6320568,161423,210685.6,5380.766666666666
2020-09-30,6,California,State,CA,23157818,438311,771927.2666666667,14610.366666666667
2020-09-30,8,Colorado,State,CO,1909117,60271,63637.23333333333,2009.0333333333333
2020-09-30,9,Connecticut,State,CT,1651324,134566,55044.13333333333,4485.533333333334
2020-09-30,11,District of Columbia,State,DC,441301,18516,14710.033333333333,617.2
2020-09-30,10,Delaware,State,DE,572135,18572,19071.166666666668,619.0666666666667
2020-09-30,12,Florida,State,FL,20108236,385716,670274.5333333333,12857.2
2020-09-30,13,Georgia,State,GA,8427889,188261,280929.63333333336,6275.366666666667
2020-09-30,15,Hawaii,State,HI,327696,3146,10923.2,104.86666666666666
2020-09-30,19,Iowa,State,IA,2312934,37216,77097.8,1240.5333333333333
2020-09-30,16,Idaho,State,ID,1106607,12732,36886.9,424.4
2020-09-30,17,Illinois,State,IL,8067391,258320,268913.0333333333,8610.666666666666
2020-09-30,18,Indiana,State,IN,3290139,103916,109671.3,3463.866666666667
2020-09-30,20,Kansas,State,KS,1554737,16808,51824.566666666666,560.2666666666667
2020-09-30,21,Kentucky,State,KY,1873371,33249,62445.7,1108.3
2020-09-30,22,Louisiana,State,LA,4777934,157941,159264.46666666667,5264.7
2020-09-30,25,Massachusetts,State,MA,3785693,277353,126189.76666666666,9245.1
2020-09-30,24,Maryland,State,MD,3532754,115669,117758.46666666666,3855.633333333333
2020-09-30,23,Maine,State,ME,148402,4108,4946.733333333334,136.93333333333334
2020-09-30,26,Michigan,State,MI,3764054,207890,125468.46666666666,6929.666666666667
2020-09-30,27,Minnesota,State,MN,2608776,59400,86959.2,1980.0
2020-09-30,29,Missouri,State,MO,3260351,56366,108678.36666666667,1878.8666666666666
2020-09-30,28,Mississippi,State,MS,2734173,82125,91139.1,2737.5
2020-09-30,30,Montana,State,MT,294470,4277,9815.666666666666,142.56666666666666
2020-09-30,37,North Carolina,State,NC,5679982,94769,189332.73333333334,3158.9666666666667
2020-09-30,38,North Dakota,State,ND,496720,5601,16557.333333333332,186.7
2020-09-30,31,Nebraska,State,NE,1186725,13519,39557.5,450.6333333333333
2020-09-30,33,New Hampshire,State,NH,233082,13080,7769.4,436.0
2020-09-30,34,New Jersey,State,NJ,5995211,481278,199840.36666666667,16042.6
2020-09-30,35,New Mexico,State,NM,815678,24979,27189.266666666666,832.6333333333333
2020-09-30,32,Nevada,State,NV,2237427,44410,74580.9,1480.3333333333333
2020-09-30,36,New York,State,NY,13535662,979548,451188.73333333334,32651.6
2020-09-30,39,Ohio,State,OH,4190398,134914,139679.93333333332,4497.133333333333
2020-09-30,40,Oklahoma,State,OK,2178612,27571,72620.4,919.0333333333333
2020-09-30,41,Oregon,State,OR,900076,15457,30002.533333333333,515.2333333333333
2020-09-30,42,Pennsylvania,State,PA,4544303,239575,151476.76666666666,7985.833333333333
2020-09-30,44,Rhode Island,State,RI,698781,32422,23292.7,1080.7333333333333
2020-09-30,45,South Carolina,State,SC,4017202,92881,133906.73333333334,3096.0333333333333
2020-09-30,46,South Dakota,State,SD,529111,5746,17637.033333333333,191.53333333333333
2020-09-30,47,Tennessee,State,TN,5211831,62682,173727.7,2089.4
2020-09-30,48,Texas,State,TX,21291250,440263,709708.3333333334,14675.433333333332
2020-09-30,49,Utah,State,UT,1830446,13068,61014.86666666667,435.6
2020-09-30,51,Virginia,State,VA,4069810,86483,135660.33333333334,2882.766666666667
2020-09-30,50,Vermont,State,VT,50777,1740,1692.5666666666666,58.0
2020-09-30,53,Washington,State,WA,2537498,63369,84583.26666666666,2112.3
2020-09-30,55,Wisconsin,State,WI,3030848,36898,101028.26666666666,1229.9333333333334
2020-09-30,54,West Virginia,State,WV,394496,8578,13149.866666666667,285.93333333333334
2020-09-30,56,Wyoming,State,WY,140056,1375,4668.533333333334,45.833333333333336
2020-10-31,2,Alaska,State,AK,367261,1890,11847.129032258064,60.96774193548387
2020-10-31,1,Alabama,State,AL,5332670,85064,172021.61290322582,2744.0
2020-10-31,5,Arkansas,State,AR,3025302,51328,97590.3870967742,1655.741935483871
2020-10-31,4,Arizona,State,AZ,7142027,179976,230387.96774193548,5805.677419354839
2020-10-31,6,California,State,CA,27163983,522654,876257.5161290322,16859.8064516129
2020-10-31,8,Colorado,State,CO,2651624,67610,85536.25806451614,2180.967741935484
2020-10-31,9,Connecticut,State,CT,1961272,141104,63266.83870967742,4551.741935483871
2020-10-31,11,District of Columbia,State,DC,503658,19785,16247.032258064517,638.2258064516129
2020-10-31,10,Delaware,State,DE,706558,20617,22792.1935483871,665.0645161290323
2020-10-31,12,Florida,State,FL,23278677,486884,750925.0645161291,15705.935483870968
2020-10-31,13,Georgia,State,GA,10651435,228370,343594.67741935485,7366.774193548387
2020-10-31,15,Hawaii,State,HI,433606,5681,13987.290322580646,183.25806451612902
2020-10-31,19,Iowa,State,IA,3291856,47525,106188.90322580645,1533.0645161290322
2020-10-31,16,Idaho,State,ID,1634407,16628,52722.8064516129,536.3870967741935
2020-10-31,17,Illinois,State,IL,10729137,293112,346101.1935483871,9455.225806451614
2020-10-31,18,Indiana,State,IN,4586771,121734,147960.35483870967,3926.9032258064517
2020-10-31,20,Kansas,State,KS,2245140,26397,72423.87096774194,851.516129032258
2020-10-31,21,Kentucky,State,KY,2751940,42363,88772.25806451614,1366.5483870967741
2020-10-31,22,Louisiana,State,LA,5504935,177422,177578.5483870968,5723.290322580645
2020-10-31,25,Massachusetts,State,MA,4449113,300917,143519.7741935484,9707.0
2020-10-31,24,Maryland,State,MD,4187127,125065,135068.61290322582,4034.3548387096776
2020-10-31,23,Maine,State,ME,183375,4474,5915.322580645161,144.32258064516128
2020-10-31,26,Michigan,State,MI,4999083,227720,161260.74193548388,7345.806451612903
2020-10-31,27,Minnesota,State,MN,3740804,70493,120671.09677419355,2273.967741935484
2020-10-31,29,Missouri,State,MO,4918413,80448,158658.48387096773,2595.0967741935483
2020-10-31,28,Mississippi,State,MS,3374666,97849,108860.19354838709,3156.4193548387098
2020-10-31,30,Montana,State,MT,685645,7685,22117.58064516129,247.90322580645162
2020-10-31,37,North Carolina,State,NC,7503763,122389,242056.87096774194,3948.032258064516
2020-10-31,38,North Dakota,State,ND,969332,11976,31268.774193548386,386.3225806451613
2020-10-31,31,Nebraska,State,NE,1761979,17361,56838.032258064515,560.0322580645161
2020-10-31,33,New Hampshire,State,NH,296949,14313,9579.0,461.7096774193548
2020-10-31,34,New Jersey,State,NJ,6855288,502729,221138.32258064515,16217.064516129032
2020-10-31,35,New Mexico,State,NM,1131556,28959,36501.8064516129,934.1612903225806
2020-10-31,32,Nevada,State,NV,2776684,52598,89570.45161290323,1696.7096774193549
2020-10-31,36,New York,State,NY,15087402,1021540,486690.3870967742,32952.903225806454
2020-10-31,39,Ohio,State,OH,5591170,157317,180360.32258064515,5074.741935483871
2020-10-31,40,Oklahoma,State,OK,3264217,36040,105297.32258064517,1162.5806451612902
2020-10-31,41,Oregon,State,OR,1208025,19245,38968.54838709677,620.8064516129032
2020-10-31,42,Pennsylvania,State,PA,5751331,264555,185526.8064516129,8534.032258064517
2020-10-31,44,Rhode Island,State,RI,871329,35738,28107.387096774193,1152.8387096774193
2020-10-31,45,South Carolina,State,SC,5027463,112970,162176.2258064516,3644.1935483870966
2020-10-31,46,South Dakota,State,SD,1007707,9767,32506.677419354837,315.06451612903226
2020-10-31,47,Tennessee,State,TN,6915907,88765,223093.7741935484,2863.3870967741937
2020-10-31,48,Texas,State,TX,26764262,539094,863363.2903225806,17390.129032258064
2020-10-31,49,Utah,State,UT,2871556,16605,92630.83870967742,535.6451612903226
2020-10-31,51,Virginia,State,VA,5085677,106447,164054.09677419355,3433.7741935483873
2020-10-31,50,Vermont,State,VT,60075,1798,1937.9032258064517,58.0
2020-10-31,53,Washington,State,WA,3148094,72562,101551.41935483871,2340.7096774193546
2020-10-31,55,Wisconsin,State,WI,5505967,50372,177611.83870967742,1624.9032258064517
2020-10-31,54,West Virginia,State,WV,609037,12325,19646.354838709678,397.5806451612903
2020-10-31,56,Wyoming,State,WY,279238,1926,9007.677419354839,62.12903225806452
